PassengerId;Survived;Pclass;Sex;Age;SibSp;Parch;Fare;Embarked
1;0;3;1;22;1;0;725;S
2;1;1;2;38;1;0;712833;C
3;1;3;2;26;0;0;7925;S
4;1;1;2;35;1;0;531;S
5;0;3;1;35;0;0;805;S
6;0;3;1;;0;0;84583;Q
7;0;1;1;54;0;0;518625;S
8;0;3;1;2;3;1;21075;S
9;1;3;2;27;0;2;111333;S
10;1;2;2;14;1;0;300708;C
11;1;3;2;4;1;1;167;S
12;1;1;2;58;0;0;2655;S
13;0;3;1;20;0;0;805;S
14;0;3;1;39;1;5;31275;S
15;0;3;2;14;0;0;78542;S
16;1;2;2;55;0;0;16;S
17;0;3;1;2;4;1;29125;Q
18;1;2;1;;0;0;13;S
19;0;3;2;31;1;0;18;S
20;1;3;2;;0;0;7225;C
21;0;2;1;35;0;0;26;S
22;1;2;1;34;0;0;13;S
23;1;3;2;15;0;0;80292;Q
24;1;1;1;28;0;0;355;S
25;0;3;2;8;3;1;21075;S
26;1;3;2;38;1;5;313875;S
27;0;3;1;;0;0;7225;C
28;0;1;1;19;3;2;263;S
29;1;3;2;;0;0;78792;Q
30;0;3;1;;0;0;78958;S
31;0;1;1;40;0;0;277208;C
32;1;1;2;;1;0;1465208;C
33;1;3;2;;0;0;775;Q
34;0;2;1;66;0;0;105;S
35;0;1;1;28;1;0;821708;C
36;0;1;1;42;1;0;52;S
37;1;3;1;;0;0;72292;C
38;0;3;1;21;0;0;805;S
39;0;3;2;18;2;0;18;S
40;1;3;2;14;1;0;112417;C
41;0;3;2;40;1;0;9475;S
42;0;2;2;27;1;0;21;S
43;0;3;1;;0;0;78958;C
44;1;2;2;3;1;2;415792;C
45;1;3;2;19;0;0;78792;Q
46;0;3;1;;0;0;805;S
47;0;3;1;;1;0;155;Q
48;1;3;2;;0;0;775;Q
49;0;3;1;;2;0;216792;C
50;0;3;2;18;1;0;178;S
51;0;3;1;7;4;1;396875;S
52;0;3;1;21;0;0;78;S
53;1;1;2;49;1;0;767292;C
54;1;2;2;29;1;0;26;S
55;0;1;1;65;0;1;619792;C
56;1;1;1;;0;0;355;S
57;1;2;2;21;0;0;105;S
58;0;3;1;285;0;0;72292;C
59;1;2;2;5;1;2;2775;S
60;0;3;1;11;5;2;469;S
61;0;3;1;22;0;0;72292;C
62;1;1;2;38;0;0;80;
63;0;1;1;45;1;0;83475;S
64;0;3;1;4;3;2;279;S
65;0;1;1;;0;0;277208;C
66;1;3;1;;1;1;152458;C
67;1;2;2;29;0;0;105;S
68;0;3;1;19;0;0;81583;S
69;1;3;2;17;4;2;7925;S
70;0;3;1;26;2;0;86625;S
71;0;2;1;32;0;0;105;S
72;0;3;2;16;5;2;469;S
73;0;2;1;21;0;0;735;S
74;0;3;1;26;1;0;144542;C
75;1;3;1;32;0;0;564958;S
76;0;3;1;25;0;0;765;S
77;0;3;1;;0;0;78958;S
78;0;3;1;;0;0;805;S
79;1;2;1;83;0;2;29;S
80;1;3;2;30;0;0;12475;S
81;0;3;1;22;0;0;9;S
82;1;3;1;29;0;0;95;S
83;1;3;2;;0;0;77875;Q
84;0;1;1;28;0;0;471;S
85;1;2;2;17;0;0;105;S
86;1;3;2;33;3;0;1585;S
87;0;3;1;16;1;3;34375;S
88;0;3;1;;0;0;805;S
89;1;1;2;23;3;2;263;S
90;0;3;1;24;0;0;805;S
91;0;3;1;29;0;0;805;S
92;0;3;1;20;0;0;78542;S
93;0;1;1;46;1;0;61175;S
94;0;3;1;26;1;2;20575;S
95;0;3;1;59;0;0;725;S
96;0;3;1;;0;0;805;S
97;0;1;1;71;0;0;346542;C
98;1;1;1;23;0;1;633583;C
99;1;2;2;34;0;1;23;S
100;0;2;1;34;1;0;26;S
101;0;3;2;28;0;0;78958;S
102;0;3;1;;0;0;78958;S
103;0;1;1;21;0;1;772875;S
104;0;3;1;33;0;0;86542;S
105;0;3;1;37;2;0;7925;S
106;0;3;1;28;0;0;78958;S
107;1;3;2;21;0;0;765;S
108;1;3;1;;0;0;7775;S
109;0;3;1;38;0;0;78958;S
110;1;3;2;;1;0;2415;Q
111;0;1;1;47;0;0;52;S
112;0;3;2;145;1;0;144542;C
113;0;3;1;22;0;0;805;S
114;0;3;2;20;1;0;9825;S
115;0;3;2;17;0;0;144583;C
116;0;3;1;21;0;0;7925;S
117;0;3;1;705;0;0;775;Q
118;0;2;1;29;1;0;21;S
119;0;1;1;24;0;1;2475208;C
120;0;3;2;2;4;2;31275;S
121;0;2;1;21;2;0;735;S
122;0;3;1;;0;0;805;S
123;0;2;1;325;1;0;300708;C
124;1;2;2;325;0;0;13;S
125;0;1;1;54;0;1;772875;S
126;1;3;1;12;1;0;112417;C
127;0;3;1;;0;0;775;Q
128;1;3;1;24;0;0;71417;S
129;1;3;2;;1;1;223583;C
130;0;3;1;45;0;0;6975;S
131;0;3;1;33;0;0;78958;C
132;0;3;1;20;0;0;705;S
133;0;3;2;47;1;0;145;S
134;1;2;2;29;1;0;26;S
135;0;2;1;25;0;0;13;S
136;0;2;1;23;0;0;150458;C
137;1;1;2;19;0;2;262833;S
138;0;1;1;37;1;0;531;S
139;0;3;1;16;0;0;92167;S
140;0;1;1;24;0;0;792;C
141;0;3;2;;0;2;152458;C
142;1;3;2;22;0;0;775;S
143;1;3;2;24;1;0;1585;S
144;0;3;1;19;0;0;675;Q
145;0;2;1;18;0;0;115;S
146;0;2;1;19;1;1;3675;S
147;1;3;1;27;0;0;77958;S
148;0;3;2;9;2;2;34375;S
149;0;2;1;365;0;2;26;S
150;0;2;1;42;0;0;13;S
151;0;2;1;51;0;0;12525;S
152;1;1;2;22;1;0;666;S
153;0;3;1;555;0;0;805;S
154;0;3;1;405;0;2;145;S
155;0;3;1;;0;0;73125;S
156;0;1;1;51;0;1;613792;C
157;1;3;2;16;0;0;77333;Q
158;0;3;1;30;0;0;805;S
159;0;3;1;;0;0;86625;S
160;0;3;1;;8;2;6955;S
161;0;3;1;44;0;1;161;S
162;1;2;2;40;0;0;1575;S
163;0;3;1;26;0;0;7775;S
164;0;3;1;17;0;0;86625;S
165;0;3;1;1;4;1;396875;S
166;1;3;1;9;0;2;20525;S
167;1;1;2;;0;1;55;S
168;0;3;2;45;1;4;279;S
169;0;1;1;;0;0;25925;S
170;0;3;1;28;0;0;564958;S
171;0;1;1;61;0;0;335;S
172;0;3;1;4;4;1;29125;Q
173;1;3;2;1;1;1;111333;S
174;0;3;1;21;0;0;7925;S
175;0;1;1;56;0;0;306958;C
176;0;3;1;18;1;1;78542;S
177;0;3;1;;3;1;254667;S
178;0;1;2;50;0;0;287125;C
179;0;2;1;30;0;0;13;S
180;0;3;1;36;0;0;0;S
181;0;3;2;;8;2;6955;S
182;0;2;1;;0;0;1505;C
183;0;3;1;9;4;2;313875;S
184;1;2;1;1;2;1;39;S
185;1;3;2;4;0;2;22025;S
186;0;1;1;;0;0;50;S
187;1;3;2;;1;0;155;Q
188;1;1;1;45;0;0;2655;S
189;0;3;1;40;1;1;155;Q
190;0;3;1;36;0;0;78958;S
191;1;2;2;32;0;0;13;S
192;0;2;1;19;0;0;13;S
193;1;3;2;19;1;0;78542;S
194;1;2;1;3;1;1;26;S
195;1;1;2;44;0;0;277208;C
196;1;1;2;58;0;0;1465208;C
197;0;3;1;;0;0;775;Q
198;0;3;1;42;0;1;84042;S
199;1;3;2;;0;0;775;Q
200;0;2;2;24;0;0;13;S
201;0;3;1;28;0;0;95;S
202;0;3;1;;8;2;6955;S
203;0;3;1;34;0;0;64958;S
204;0;3;1;455;0;0;7225;C
205;1;3;1;18;0;0;805;S
206;0;3;2;2;0;1;104625;S
207;0;3;1;32;1;0;1585;S
208;1;3;1;26;0;0;187875;C
209;1;3;2;16;0;0;775;Q
210;1;1;1;40;0;0;31;C
211;0;3;1;24;0;0;705;S
212;1;2;2;35;0;0;21;S
213;0;3;1;22;0;0;725;S
214;0;2;1;30;0;0;13;S
215;0;3;1;;1;0;775;Q
216;1;1;2;31;1;0;113275;C
217;1;3;2;27;0;0;7925;S
218;0;2;1;42;1;0;27;S
219;1;1;2;32;0;0;762917;C
220;0;2;1;30;0;0;105;S
221;1;3;1;16;0;0;805;S
222;0;2;1;27;0;0;13;S
223;0;3;1;51;0;0;805;S
224;0;3;1;;0;0;78958;S
225;1;1;1;38;1;0;90;S
226;0;3;1;22;0;0;935;S
227;1;2;1;19;0;0;105;S
228;0;3;1;205;0;0;725;S
229;0;2;1;18;0;0;13;S
230;0;3;2;;3;1;254667;S
231;1;1;2;35;1;0;83475;S
232;0;3;1;29;0;0;7775;S
233;0;2;1;59;0;0;135;S
234;1;3;2;5;4;2;313875;S
235;0;2;1;24;0;0;105;S
236;0;3;2;;0;0;755;S
237;0;2;1;44;1;0;26;S
238;1;2;2;8;0;2;2625;S
239;0;2;1;19;0;0;105;S
240;0;2;1;33;0;0;12275;S
241;0;3;2;;1;0;144542;C
242;1;3;2;;1;0;155;Q
243;0;2;1;29;0;0;105;S
244;0;3;1;22;0;0;7125;S
245;0;3;1;30;0;0;7225;C
246;0;1;1;44;2;0;90;Q
247;0;3;2;25;0;0;7775;S
248;1;2;2;24;0;2;145;S
249;1;1;1;37;1;1;525542;S
250;0;2;1;54;1;0;26;S
251;0;3;1;;0;0;725;S
252;0;3;2;29;1;1;104625;S
253;0;1;1;62;0;0;2655;S
254;0;3;1;30;1;0;161;S
255;0;3;2;41;0;2;202125;S
256;1;3;2;29;0;2;152458;C
257;1;1;2;;0;0;792;C
258;1;1;2;30;0;0;865;S
259;1;1;2;35;0;0;5123292;C
260;1;2;2;50;0;1;26;S
261;0;3;1;;0;0;775;Q
262;1;3;1;3;4;2;313875;S
263;0;1;1;52;1;1;7965;S
264;0;1;1;40;0;0;0;S
265;0;3;2;;0;0;775;Q
266;0;2;1;36;0;0;105;S
267;0;3;1;16;4;1;396875;S
268;1;3;1;25;1;0;7775;S
269;1;1;2;58;0;1;1534625;S
270;1;1;2;35;0;0;1356333;S
271;0;1;1;;0;0;31;S
272;1;3;1;25;0;0;0;S
273;1;2;2;41;0;1;195;S
274;0;1;1;37;0;1;297;C
275;1;3;2;;0;0;775;Q
276;1;1;2;63;1;0;779583;S
277;0;3;2;45;0;0;775;S
278;0;2;1;;0;0;0;S
279;0;3;1;7;4;1;29125;Q
280;1;3;2;35;1;1;2025;S
281;0;3;1;65;0;0;775;Q
282;0;3;1;28;0;0;78542;S
283;0;3;1;16;0;0;95;S
284;1;3;1;19;0;0;805;S
285;0;1;1;;0;0;26;S
286;0;3;1;33;0;0;86625;C
287;1;3;1;30;0;0;95;S
288;0;3;1;22;0;0;78958;S
289;1;2;1;42;0;0;13;S
290;1;3;2;22;0;0;775;Q
291;1;1;2;26;0;0;7885;S
292;1;1;2;19;1;0;910792;C
293;0;2;1;36;0;0;12875;C
294;0;3;2;24;0;0;885;S
295;0;3;1;24;0;0;78958;S
296;0;1;1;;0;0;277208;C
297;0;3;1;235;0;0;72292;C
298;0;1;2;2;1;2;15155;S
299;1;1;1;;0;0;305;S
300;1;1;2;50;0;1;2475208;C
301;1;3;2;;0;0;775;Q
302;1;3;1;;2;0;2325;Q
303;0;3;1;19;0;0;0;S
304;1;2;2;;0;0;1235;Q
305;0;3;1;;0;0;805;S
306;1;1;1;92;1;2;15155;S
307;1;1;2;;0;0;1108833;C
308;1;1;2;17;1;0;1089;C
309;0;2;1;30;1;0;24;C
310;1;1;2;30;0;0;569292;C
311;1;1;2;24;0;0;831583;C
312;1;1;2;18;2;2;262375;C
313;0;2;2;26;1;1;26;S
314;0;3;1;28;0;0;78958;S
315;0;2;1;43;1;1;2625;S
316;1;3;2;26;0;0;78542;S
317;1;2;2;24;1;0;26;S
318;0;2;1;54;0;0;14;S
319;1;1;2;31;0;2;1648667;S
320;1;1;2;40;1;1;1345;C
321;0;3;1;22;0;0;725;S
322;0;3;1;27;0;0;78958;S
323;1;2;2;30;0;0;1235;Q
324;1;2;2;22;1;1;29;S
325;0;3;1;;8;2;6955;S
326;1;1;2;36;0;0;1356333;C
327;0;3;1;61;0;0;62375;S
328;1;2;2;36;0;0;13;S
329;1;3;2;31;1;1;20525;S
330;1;1;2;16;0;1;579792;C
331;1;3;2;;2;0;2325;Q
332;0;1;1;455;0;0;285;S
333;0;1;1;38;0;1;1534625;S
334;0;3;1;16;2;0;18;S
335;1;1;2;;1;0;13365;S
336;0;3;1;;0;0;78958;S
337;0;1;1;29;1;0;666;S
338;1;1;2;41;0;0;1345;C
339;1;3;1;45;0;0;805;S
340;0;1;1;45;0;0;355;S
341;1;2;1;2;1;1;26;S
342;1;1;2;24;3;2;263;S
343;0;2;1;28;0;0;13;S
344;0;2;1;25;0;0;13;S
345;0;2;1;36;0;0;13;S
346;1;2;2;24;0;0;13;S
347;1;2;2;40;0;0;13;S
348;1;3;2;;1;0;161;S
349;1;3;1;3;1;1;159;S
350;0;3;1;42;0;0;86625;S
351;0;3;1;23;0;0;9225;S
352;0;1;1;;0;0;35;S
353;0;3;1;15;1;1;72292;C
354;0;3;1;25;1;0;178;S
355;0;3;1;;0;0;7225;C
356;0;3;1;28;0;0;95;S
357;1;1;2;22;0;1;55;S
358;0;2;2;38;0;0;13;S
359;1;3;2;;0;0;78792;Q
360;1;3;2;;0;0;78792;Q
361;0;3;1;40;1;4;279;S
362;0;2;1;29;1;0;277208;C
363;0;3;2;45;0;1;144542;C
364;0;3;1;35;0;0;705;S
365;0;3;1;;1;0;155;Q
366;0;3;1;30;0;0;725;S
367;1;1;2;60;1;0;7525;C
368;1;3;2;;0;0;72292;C
369;1;3;2;;0;0;775;Q
370;1;1;2;24;0;0;693;C
371;1;1;1;25;1;0;554417;C
372;0;3;1;18;1;0;64958;S
373;0;3;1;19;0;0;805;S
374;0;1;1;22;0;0;1356333;C
375;0;3;2;3;3;1;21075;S
376;1;1;2;;1;0;821708;C
377;1;3;2;22;0;0;725;S
378;0;1;1;27;0;2;2115;C
379;0;3;1;20;0;0;40125;C
380;0;3;1;19;0;0;7775;S
381;1;1;2;42;0;0;227525;C
382;1;3;2;1;0;2;157417;C
383;0;3;1;32;0;0;7925;S
384;1;1;2;35;1;0;52;S
385;0;3;1;;0;0;78958;S
386;0;2;1;18;0;0;735;S
387;0;3;1;1;5;2;469;S
388;1;2;2;36;0;0;13;S
389;0;3;1;;0;0;77292;Q
390;1;2;2;17;0;0;12;C
391;1;1;1;36;1;2;120;S
392;1;3;1;21;0;0;77958;S
393;0;3;1;28;2;0;7925;S
394;1;1;2;23;1;0;113275;C
395;1;3;2;24;0;2;167;S
396;0;3;1;22;0;0;77958;S
397;0;3;2;31;0;0;78542;S
398;0;2;1;46;0;0;26;S
399;0;2;1;23;0;0;105;S
400;1;2;2;28;0;0;1265;S
401;1;3;1;39;0;0;7925;S
402;0;3;1;26;0;0;805;S
403;0;3;2;21;1;0;9825;S
404;0;3;1;28;1;0;1585;S
405;0;3;2;20;0;0;86625;S
406;0;2;1;34;1;0;21;S
407;0;3;1;51;0;0;775;S
408;1;2;1;3;1;1;1875;S
409;0;3;1;21;0;0;7775;S
410;0;3;2;;3;1;254667;S
411;0;3;1;;0;0;78958;S
412;0;3;1;;0;0;68583;Q
413;1;1;2;33;1;0;90;Q
414;0;2;1;;0;0;0;S
415;1;3;1;44;0;0;7925;S
416;0;3;2;;0;0;805;S
417;1;2;2;34;1;1;325;S
418;1;2;2;18;0;2;13;S
419;0;2;1;30;0;0;13;S
420;0;3;2;10;0;2;2415;S
421;0;3;1;;0;0;78958;C
422;0;3;1;21;0;0;77333;Q
423;0;3;1;29;0;0;7875;S
424;0;3;2;28;1;1;144;S
425;0;3;1;18;1;1;202125;S
426;0;3;1;;0;0;725;S
427;1;2;2;28;1;0;26;S
428;1;2;2;19;0;0;26;S
429;0;3;1;;0;0;775;Q
430;1;3;1;32;0;0;805;S
431;1;1;1;28;0;0;2655;S
432;1;3;2;;1;0;161;S
433;1;2;2;42;1;0;26;S
434;0;3;1;17;0;0;7125;S
435;0;1;1;50;1;0;559;S
436;1;1;2;14;1;2;120;S
437;0;3;2;21;2;2;34375;S
438;1;2;2;24;2;3;1875;S
439;0;1;1;64;1;4;263;S
440;0;2;1;31;0;0;105;S
441;1;2;2;45;1;1;2625;S
442;0;3;1;20;0;0;95;S
443;0;3;1;25;1;0;7775;S
444;1;2;2;28;0;0;13;S
445;1;3;1;;0;0;81125;S
446;1;1;1;4;0;2;818583;S
447;1;2;2;13;0;1;195;S
448;1;1;1;34;0;0;2655;S
449;1;3;2;5;2;1;192583;C
450;1;1;1;52;0;0;305;S
451;0;2;1;36;1;2;2775;S
452;0;3;1;;1;0;199667;S
453;0;1;1;30;0;0;2775;C
454;1;1;1;49;1;0;891042;C
455;0;3;1;;0;0;805;S
456;1;3;1;29;0;0;78958;C
457;0;1;1;65;0;0;2655;S
458;1;1;2;;1;0;518625;S
459;1;2;2;50;0;0;105;S
460;0;3;1;;0;0;775;Q
461;1;1;1;48;0;0;2655;S
462;0;3;1;34;0;0;805;S
463;0;1;1;47;0;0;385;S
464;0;2;1;48;0;0;13;S
465;0;3;1;;0;0;805;S
466;0;3;1;38;0;0;705;S
467;0;2;1;;0;0;0;S
468;0;1;1;56;0;0;2655;S
469;0;3;1;;0;0;7725;Q
470;1;3;2;75;2;1;192583;C
471;0;3;1;;0;0;725;S
472;0;3;1;38;0;0;86625;S
473;1;2;2;33;1;2;2775;S
474;1;2;2;23;0;0;137917;C
475;0;3;2;22;0;0;98375;S
476;0;1;1;;0;0;52;S
477;0;2;1;34;1;0;21;S
478;0;3;1;29;1;0;70458;S
479;0;3;1;22;0;0;75208;S
480;1;3;2;2;0;1;122875;S
481;0;3;1;9;5;2;469;S
482;0;2;1;;0;0;0;S
483;0;3;1;50;0;0;805;S
484;1;3;2;63;0;0;95875;S
485;1;1;1;25;1;0;910792;C
486;0;3;2;;3;1;254667;S
487;1;1;2;35;1;0;90;S
488;0;1;1;58;0;0;297;C
489;0;3;1;30;0;0;805;S
490;1;3;1;9;1;1;159;S
491;0;3;1;;1;0;199667;S
492;0;3;1;21;0;0;725;S
493;0;1;1;55;0;0;305;S
494;0;1;1;71;0;0;495042;C
495;0;3;1;21;0;0;805;S
496;0;3;1;;0;0;144583;C
497;1;1;2;54;1;0;782667;C
498;0;3;1;;0;0;151;S
499;0;1;2;25;1;2;15155;S
500;0;3;1;24;0;0;77958;S
501;0;3;1;17;0;0;86625;S
502;0;3;2;21;0;0;775;Q
503;0;3;2;;0;0;76292;Q
504;0;3;2;37;0;0;95875;S
505;1;1;2;16;0;0;865;S
506;0;1;1;18;1;0;1089;C
507;1;2;2;33;0;2;26;S
508;1;1;1;;0;0;2655;S
509;0;3;1;28;0;0;22525;S
510;1;3;1;26;0;0;564958;S
511;1;3;1;29;0;0;775;Q
512;0;3;1;;0;0;805;S
513;1;1;1;36;0;0;262875;S
514;1;1;2;54;1;0;594;C
515;0;3;1;24;0;0;74958;S
516;0;1;1;47;0;0;340208;S
517;1;2;2;34;0;0;105;S
518;0;3;1;;0;0;2415;Q
519;1;2;2;36;1;0;26;S
520;0;3;1;32;0;0;78958;S
521;1;1;2;30;0;0;935;S
522;0;3;1;22;0;0;78958;S
523;0;3;1;;0;0;7225;C
524;1;1;2;44;0;1;579792;C
525;0;3;1;;0;0;72292;C
526;0;3;1;405;0;0;775;Q
527;1;2;2;50;0;0;105;S
528;0;1;1;;0;0;2217792;S
529;0;3;1;39;0;0;7925;S
530;0;2;1;23;2;1;115;S
531;1;2;2;2;1;1;26;S
532;0;3;1;;0;0;72292;C
533;0;3;1;17;1;1;72292;C
534;1;3;2;;0;2;223583;C
535;0;3;2;30;0;0;86625;S
536;1;2;2;7;0;2;2625;S
537;0;1;1;45;0;0;2655;S
538;1;1;2;30;0;0;106425;C
539;0;3;1;;0;0;145;S
540;1;1;2;22;0;2;495;C
541;1;1;2;36;0;2;71;S
542;0;3;2;9;4;2;31275;S
543;0;3;2;11;4;2;31275;S
544;1;2;1;32;1;0;26;S
545;0;1;1;50;1;0;106425;C
546;0;1;1;64;0;0;26;S
547;1;2;2;19;1;0;26;S
548;1;2;1;;0;0;138625;C
549;0;3;1;33;1;1;20525;S
550;1;2;1;8;1;1;3675;S
551;1;1;1;17;0;2;1108833;C
552;0;2;1;27;0;0;26;S
553;0;3;1;;0;0;78292;Q
554;1;3;1;22;0;0;7225;C
555;1;3;2;22;0;0;7775;S
556;0;1;1;62;0;0;2655;S
557;1;1;2;48;1;0;396;C
558;0;1;1;;0;0;227525;C
559;1;1;2;39;1;1;7965;S
560;1;3;2;36;1;0;174;S
561;0;3;1;;0;0;775;Q
562;0;3;1;40;0;0;78958;S
563;0;2;1;28;0;0;135;S
564;0;3;1;;0;0;805;S
565;0;3;2;;0;0;805;S
566;0;3;1;24;2;0;2415;S
567;0;3;1;19;0;0;78958;S
568;0;3;2;29;0;4;21075;S
569;0;3;1;;0;0;72292;C
570;1;3;1;32;0;0;78542;S
571;1;2;1;62;0;0;105;S
572;1;1;2;53;2;0;514792;S
573;1;1;1;36;0;0;263875;S
574;1;3;2;;0;0;775;Q
575;0;3;1;16;0;0;805;S
576;0;3;1;19;0;0;145;S
577;1;2;2;34;0;0;13;S
578;1;1;2;39;1;0;559;S
579;0;3;2;;1;0;144583;C
580;1;3;1;32;0;0;7925;S
581;1;2;2;25;1;1;30;S
582;1;1;2;39;1;1;1108833;C
583;0;2;1;54;0;0;26;S
584;0;1;1;36;0;0;40125;C
585;0;3;1;;0;0;87125;C
586;1;1;2;18;0;2;7965;S
587;0;2;1;47;0;0;15;S
588;1;1;1;60;1;1;792;C
589;0;3;1;22;0;0;805;S
590;0;3;1;;0;0;805;S
591;0;3;1;35;0;0;7125;S
592;1;1;2;52;1;0;782667;C
593;0;3;1;47;0;0;725;S
594;0;3;2;;0;2;775;Q
595;0;2;1;37;1;0;26;S
596;0;3;1;36;1;1;2415;S
597;1;2;2;;0;0;33;S
598;0;3;1;49;0;0;0;S
599;0;3;1;;0;0;7225;C
600;1;1;1;49;1;0;569292;C
601;1;2;2;24;2;1;27;S
602;0;3;1;;0;0;78958;S
603;0;1;1;;0;0;424;S
604;0;3;1;44;0;0;805;S
605;1;1;1;35;0;0;2655;C
606;0;3;1;36;1;0;1555;S
607;0;3;1;30;0;0;78958;S
608;1;1;1;27;0;0;305;S
609;1;2;2;22;1;2;415792;C
610;1;1;2;40;0;0;1534625;S
611;0;3;2;39;1;5;31275;S
612;0;3;1;;0;0;705;S
613;1;3;2;;1;0;155;Q
614;0;3;1;;0;0;775;Q
615;0;3;1;35;0;0;805;S
616;1;2;2;24;1;2;65;S
617;0;3;1;34;1;1;144;S
618;0;3;2;26;1;0;161;S
619;1;2;2;4;2;1;39;S
620;0;2;1;26;0;0;105;S
621;0;3;1;27;1;0;144542;C
622;1;1;1;42;1;0;525542;S
623;1;3;1;20;1;1;157417;C
624;0;3;1;21;0;0;78542;S
625;0;3;1;21;0;0;161;S
626;0;1;1;61;0;0;323208;S
627;0;2;1;57;0;0;1235;Q
628;1;1;2;21;0;0;779583;S
629;0;3;1;26;0;0;78958;S
630;0;3;1;;0;0;77333;Q
631;1;1;1;80;0;0;30;S
632;0;3;1;51;0;0;70542;S
633;1;1;1;32;0;0;305;C
634;0;1;1;;0;0;0;S
635;0;3;2;9;3;2;279;S
636;1;2;2;28;0;0;13;S
637;0;3;1;32;0;0;7925;S
638;0;2;1;31;1;1;2625;S
639;0;3;2;41;0;5;396875;S
640;0;3;1;;1;0;161;S
641;0;3;1;20;0;0;78542;S
642;1;1;2;24;0;0;693;C
643;0;3;2;2;3;2;279;S
644;1;3;1;;0;0;564958;S
645;1;3;2;75;2;1;192583;C
646;1;1;1;48;1;0;767292;C
647;0;3;1;19;0;0;78958;S
648;1;1;1;56;0;0;355;C
649;0;3;1;;0;0;755;S
650;1;3;2;23;0;0;755;S
651;0;3;1;;0;0;78958;S
652;1;2;2;18;0;1;23;S
653;0;3;1;21;0;0;84333;S
654;1;3;2;;0;0;78292;Q
655;0;3;2;18;0;0;675;Q
656;0;2;1;24;2;0;735;S
657;0;3;1;;0;0;78958;S
658;0;3;2;32;1;1;155;Q
659;0;2;1;23;0;0;13;S
660;0;1;1;58;0;2;113275;C
661;1;1;1;50;2;0;13365;S
662;0;3;1;40;0;0;7225;C
663;0;1;1;47;0;0;255875;S
664;0;3;1;36;0;0;74958;S
665;1;3;1;20;1;0;7925;S
666;0;2;1;32;2;0;735;S
667;0;2;1;25;0;0;13;S
668;0;3;1;;0;0;7775;S
669;0;3;1;43;0;0;805;S
670;1;1;2;;1;0;52;S
671;1;2;2;40;1;1;39;S
672;0;1;1;31;1;0;52;S
673;0;2;1;70;0;0;105;S
674;1;2;1;31;0;0;13;S
675;0;2;1;;0;0;0;S
676;0;3;1;18;0;0;7775;S
677;0;3;1;245;0;0;805;S
678;1;3;2;18;0;0;98417;S
679;0;3;2;43;1;6;469;S
680;1;1;1;36;0;1;5123292;C
681;0;3;2;;0;0;81375;Q
682;1;1;1;27;0;0;767292;C
683;0;3;1;20;0;0;9225;S
684;0;3;1;14;5;2;469;S
685;0;2;1;60;1;1;39;S
686;0;2;1;25;1;2;415792;C
687;0;3;1;14;4;1;396875;S
688;0;3;1;19;0;0;101708;S
689;0;3;1;18;0;0;77958;S
690;1;1;2;15;0;1;2113375;S
691;1;1;1;31;1;0;57;S
692;1;3;2;4;0;1;134167;C
693;1;3;1;;0;0;564958;S
694;0;3;1;25;0;0;7225;C
695;0;1;1;60;0;0;2655;S
696;0;2;1;52;0;0;135;S
697;0;3;1;44;0;0;805;S
698;1;3;2;;0;0;77333;Q
699;0;1;1;49;1;1;1108833;C
700;0;3;1;42;0;0;765;S
701;1;1;2;18;1;0;227525;C
702;1;1;1;35;0;0;262875;S
703;0;3;2;18;0;1;144542;C
704;0;3;1;25;0;0;77417;Q
705;0;3;1;26;1;0;78542;S
706;0;2;1;39;0;0;26;S
707;1;2;2;45;0;0;135;S
708;1;1;1;42;0;0;262875;S
709;1;1;2;22;0;0;15155;S
710;1;3;1;;1;1;152458;C
711;1;1;2;24;0;0;495042;C
712;0;1;1;;0;0;2655;S
713;1;1;1;48;1;0;52;S
714;0;3;1;29;0;0;94833;S
715;0;2;1;52;0;0;13;S
716;0;3;1;19;0;0;765;S
717;1;1;2;38;0;0;227525;C
718;1;2;2;27;0;0;105;S
719;0;3;1;;0;0;155;Q
720;0;3;1;33;0;0;7775;S
721;1;2;2;6;0;1;33;S
722;0;3;1;17;1;0;70542;S
723;0;2;1;34;0;0;13;S
724;0;2;1;50;0;0;13;S
725;1;1;1;27;1;0;531;S
726;0;3;1;20;0;0;86625;S
727;1;2;2;30;3;0;21;S
728;1;3;2;;0;0;77375;Q
729;0;2;1;25;1;0;26;S
730;0;3;2;25;1;0;7925;S
731;1;1;2;29;0;0;2113375;S
732;0;3;1;11;0;0;187875;C
733;0;2;1;;0;0;0;S
734;0;2;1;23;0;0;13;S
735;0;2;1;23;0;0;13;S
736;0;3;1;285;0;0;161;S
737;0;3;2;48;1;3;34375;S
738;1;1;1;35;0;0;5123292;C
739;0;3;1;;0;0;78958;S
740;0;3;1;;0;0;78958;S
741;1;1;1;;0;0;30;S
742;0;1;1;36;1;0;7885;S
743;1;1;2;21;2;2;262375;C
744;0;3;1;24;1;0;161;S
745;1;3;1;31;0;0;7925;S
746;0;1;1;70;1;1;71;S
747;0;3;1;16;1;1;2025;S
748;1;2;2;30;0;0;13;S
749;0;1;1;19;1;0;531;S
750;0;3;1;31;0;0;775;Q
751;1;2;2;4;1;1;23;S
752;1;3;1;6;0;1;12475;S
753;0;3;1;33;0;0;95;S
754;0;3;1;23;0;0;78958;S
755;1;2;2;48;1;2;65;S
756;1;2;1;67;1;1;145;S
757;0;3;1;28;0;0;77958;S
758;0;2;1;18;0;0;115;S
759;0;3;1;34;0;0;805;S
760;1;1;2;33;0;0;865;S
761;0;3;1;;0;0;145;S
762;0;3;1;41;0;0;7125;S
763;1;3;1;20;0;0;72292;C
764;1;1;2;36;1;2;120;S
765;0;3;1;16;0;0;7775;S
766;1;1;2;51;1;0;779583;S
767;0;1;1;;0;0;396;C
768;0;3;2;305;0;0;775;Q
769;0;3;1;;1;0;2415;Q
770;0;3;1;32;0;0;83625;S
771;0;3;1;24;0;0;95;S
772;0;3;1;48;0;0;78542;S
773;0;2;2;57;0;0;105;S
774;0;3;1;;0;0;7225;C
775;1;2;2;54;1;3;23;S
776;0;3;1;18;0;0;775;S
777;0;3;1;;0;0;775;Q
778;1;3;2;5;0;0;12475;S
779;0;3;1;;0;0;77375;Q
780;1;1;2;43;0;1;2113375;S
781;1;3;2;13;0;0;72292;C
782;1;1;2;17;1;0;57;S
783;0;1;1;29;0;0;30;S
784;0;3;1;;1;2;2345;S
785;0;3;1;25;0;0;705;S
786;0;3;1;25;0;0;725;S
787;1;3;2;18;0;0;74958;S
788;0;3;1;8;4;1;29125;Q
789;1;3;1;1;1;2;20575;S
790;0;1;1;46;0;0;792;C
791;0;3;1;;0;0;775;Q
792;0;2;1;16;0;0;26;S
793;0;3;2;;8;2;6955;S
794;0;1;1;;0;0;306958;C
795;0;3;1;25;0;0;78958;S
796;0;2;1;39;0;0;13;S
797;1;1;2;49;0;0;259292;S
798;1;3;2;31;0;0;86833;S
799;0;3;1;30;0;0;72292;C
800;0;3;2;30;1;1;2415;S
801;0;2;1;34;0;0;13;S
802;1;2;2;31;1;1;2625;S
803;1;1;1;11;1;2;120;S
804;1;3;1;42;0;1;85167;C
805;1;3;1;27;0;0;6975;S
806;0;3;1;31;0;0;7775;S
807;0;1;1;39;0;0;0;S
808;0;3;2;18;0;0;7775;S
809;0;2;1;39;0;0;13;S
810;1;1;2;33;1;0;531;S
811;0;3;1;26;0;0;78875;S
812;0;3;1;39;0;0;2415;S
813;0;2;1;35;0;0;105;S
814;0;3;2;6;4;2;31275;S
815;0;3;1;305;0;0;805;S
816;0;1;1;;0;0;0;S
817;0;3;2;23;0;0;7925;S
818;0;2;1;31;1;1;370042;C
819;0;3;1;43;0;0;645;S
820;0;3;1;10;3;2;279;S
821;1;1;2;52;1;1;935;S
822;1;3;1;27;0;0;86625;S
823;0;1;1;38;0;0;0;S
824;1;3;2;27;0;1;12475;S
825;0;3;1;2;4;1;396875;S
826;0;3;1;;0;0;695;Q
827;0;3;1;;0;0;564958;S
828;1;2;1;1;0;2;370042;C
829;1;3;1;;0;0;775;Q
830;1;1;2;62;0;0;80;
831;1;3;2;15;1;0;144542;C
832;1;2;1;83;1;1;1875;S
833;0;3;1;;0;0;72292;C
834;0;3;1;23;0;0;78542;S
835;0;3;1;18;0;0;83;S
836;1;1;2;39;1;1;831583;C
837;0;3;1;21;0;0;86625;S
838;0;3;1;;0;0;805;S
839;1;3;1;32;0;0;564958;S
840;1;1;1;;0;0;297;C
841;0;3;1;20;0;0;7925;S
842;0;2;1;16;0;0;105;S
843;1;1;2;30;0;0;31;C
844;0;3;1;345;0;0;64375;C
845;0;3;1;17;0;0;86625;S
846;0;3;1;42;0;0;755;S
847;0;3;1;;8;2;6955;S
848;0;3;1;35;0;0;78958;C
849;0;2;1;28;0;1;33;S
850;1;1;2;;1;0;891042;C
851;0;3;1;4;4;2;31275;S
852;0;3;1;74;0;0;7775;S
853;0;3;2;9;1;1;152458;C
854;1;1;2;16;0;1;394;S
855;0;2;2;44;1;0;26;S
856;1;3;2;18;0;1;935;S
857;1;1;2;45;1;1;1648667;S
858;1;1;1;51;0;0;2655;S
859;1;3;2;24;0;3;192583;C
860;0;3;1;;0;0;72292;C
861;0;3;1;41;2;0;141083;S
862;0;2;1;21;1;0;115;S
863;1;1;2;48;0;0;259292;S
864;0;3;2;;8;2;6955;S
865;0;2;1;24;0;0;13;S
866;1;2;2;42;0;0;13;S
867;1;2;2;27;1;0;138583;C
868;0;1;1;31;0;0;504958;S
869;0;3;1;;0;0;95;S
870;1;3;1;4;1;1;111333;S
871;0;3;1;26;0;0;78958;S
872;1;1;2;47;1;1;525542;S
873;0;1;1;33;0;0;5;S
874;0;3;1;47;0;0;9;S
875;1;2;2;28;1;0;24;C
876;1;3;2;15;0;0;7225;C
877;0;3;1;20;0;0;98458;S
878;0;3;1;19;0;0;78958;S
879;0;3;1;;0;0;78958;S
880;1;1;2;56;0;1;831583;C
881;1;2;2;25;0;1;26;S
882;0;3;1;33;0;0;78958;S
883;0;3;2;22;0;0;105167;S
884;0;2;1;28;0;0;105;S
885;0;3;1;25;0;0;705;S
886;0;3;2;39;0;5;29125;Q
887;0;2;1;27;0;0;13;S
888;1;1;2;19;0;0;30;S
889;0;3;2;;1;2;2345;S
890;1;1;1;26;0;0;30;C
891;0;3;1;32;0;0;775;Q
